Myco Type,Total Percent Cover Across Species With This Type
AM,18.923579280196925
NM,32.86018518518519
ErM,19.604120879120877
non-ectomycorrhizal (AM undetermined),8.182072829131652
"EcM, AM undetermined",29.707264957264957
"EcM, no AM colonization",47.18382352941177
EcM,39.40806451612903
NM-AM,20.821052631578947
,1.8125
EcM-AM,3.875
