Myco Type,Total Percent Cover Across Species With This Type
NM-AM,4.09920634920635
AM,76.57048229548228
,11.541666666666668
NM,3.875
