Myco Type,Total Percent Cover Across Species With This Type
AM,262.94842285490114
NM,6.028846153846153
,3.745833333333333
Other,1.57
NM-AM,43.39437724014337
"EcM, no AM colonization",12.055555555555555
EcM,17.727272727272727
non-ectomycorrhizal (AM undetermined),2.5
