Myco Type,Total Percent Cover Across Species With This Type
AM,200.33566785153164
,6.388888888888889
NM-AM,13.518523143523144
"ErM,AM",2.369747899159664
ErM,5.205882352941177
NM,2.0
