Myco Type,Total Percent Cover Across Species With This Type
AM,79.20833333333334
NM,1.6666666666666665
,1.0
NM-AM,7.391666666666667
EcM,0.5
