Myco Type,Total Percent Cover Across Species With This Type
NM,8.535973084886129
NM-AM,15.288224637681159
AM,268.61510499734186
,6.785714285714286
uncertain,1.0
Other,0.5
