Myco Type,Total Percent Cover Across Species With This Type
AM,470.54827752932795
NM-AM,52.635547785547786
ErM,44.15758928571428
"EcM, AM undetermined",8.470588235294118
"EcM, no AM colonization",30.48125
,12.572545340838023
EcM,18.0125
non-ectomycorrhizal (AM undetermined),4.029824561403508
NM,4.5
OM,0.625
uncertain,0.5
