Myco Type,Total Percent Cover Across Species With This Type
EcM,11.892235609103079
AM,29.47296060257352
NM-AM,22.073859822401346
NM,41.32199592571318
"EcM, no AM colonization",7.317972350230415
non-ectomycorrhizal (AM undetermined),14.869536558158401
ErM,25.573984436353253
"ErM,EcM",3.0510204081632653
EcM-AM,7.158565471226022
"EcM, AM undetermined",8.24561403508772
,1.7727272727272727
Other,0.7222222222222222
