Family,Avg Percent Cover Across Species
Rosaceae,2.4375
Cyperaceae,1.5588235294117647
Ericaceae,5.193916349809886
Pinaceae,13.833333333333334
Poaceae,1.1881720430107527
Cornaceae,3.5
Betulaceae,16.72222222222222
Empetraceae,3.7058823529411766
Salicaceae,4.32258064516129
Polygonaceae,2.3333333333333335
Caprifoliaceae,2.1818181818181817
Onagraceae,0.8125
Lycopodiaceae,5.121621621621622
Scrophulariaceae,1.5
Santalaceae,1.15
Equisetaceae,23.966666666666665
Asteraceae,1.3333333333333333
